{
  "comments": [
    "Tests for 64-bit iOS simulators."
  ],
  "xcode version": "8.0",
  "gn_args": [
    "goma_dir=\"$(goma_dir)\"",
    "is_component_build=false",
    "is_debug=true",
    "target_cpu=\"x64\"",
    "target_os=\"ios\"",
    "use_goma=true"
  ],
  "use_analyze": false,
  "additional_compile_targets": [ "all" ],
  "configuration": "Debug",
  "sdk": "iphonesimulator10.0",
  "tests": [
    {
      "include": "common_tests.json",
      "device type": "iPhone 6s",
      "os": "10.0"
    }
  ]
}
